site,i,j,lat,lon,provider,elev,ndays,max_sd,split,cluster,match_km
0,3,142,47.6017303,9.2794199,SYN,442.751708984375,0,,unknown,447.0,23.1031452770068
1,12,107,47.5591433356826,9.10521971647479,SLF,430.27984619140625,363,0.07999999821186066,unknown,447.0,21.82424128305529
2,28,67,47.4798889,8.9049196,SYN,542.2197875976562,0,,unknown,447.0,28.51391403862577
3,36,178,47.4397092284937,9.45612918891836,SLF,767.728271484375,354,0.17000000178813934,unknown,448.0,4.16120179004371
4,36,26,47.4394263504138,8.70270551770052,SLF,509.9663391113281,365,0.1599999964237213,unknown,277.0,34.23471166747911
5,38,166,47.42773435,9.39923,SYN,718.59130859375,50,0.14000000059604645,unknown,448.0,4.424020914866087
6,39,166,47.4255686577884,9.39951398054769,SLF,802.5940551757812,365,0.18000000715255737,unknown,448.0,4.185056972229207
7,43,178,47.4022459781119,9.458155226991822,SLF,929.8135375976562,301,0.47999998927116394,Train,448.0,0.0
8,45,139,47.39388591768721,9.26307306906988,SLF,716.5040893554688,362,0.14000000059604645,Test,447.0,0.0
9,46,166,47.387924126009,9.39640586293595,SLF,825.7257690429688,341,0.27000001072883606,Train,448.0,0.0
10,50,74,47.3708611,8.9416304,SYN,1049.249267578125,0,,unknown,275.0,23.042730970161013
11,51,39,47.3656317124742,8.76967186101453,SLF,541.4216918945312,352,0.17000000178813934,unknown,277.0,25.999962183646137
12,51,63,47.3652219839749,8.88597776700094,SLF,694.9525146484375,363,0.33000001311302185,unknown,275.0,23.89093799289621
13,51,125,47.365894852666706,9.19418413609468,SLF,864.0694580078125,341,0.4099999964237213,unknown,447.0,6.039668007021828
14,51,113,47.3614564126,9.13604454545079,SLF,732.0628662109375,363,0.33000001311302185,unknown,447.0,10.206865063960581
15,57,165,47.33457648269,9.39345436331696,SLF,786.2874145507812,365,0.27000001072883606,Val,450.0,0.0
16,60,121,47.3170680989984,9.17471720485815,SLF,707.0617065429688,323,0.3499999940395355,unknown,447.0,10.812671620356493
17,62,2,47.3103100406402,8.58524046327662,SLF,408.0287780761719,363,0.05999999865889549,unknown,277.0,21.58500386048441
18,64,178,47.297469488869,9.458328924335671,SLF,930.4749145507812,227,0.3499999940395355,Train,454.0,1.3372294582944027e-13
19,66,152,47.2916276554632,9.32794346873807,SLF,1577.37841796875,310,1.0,Train,271.0,0.0
20,68,39,47.2789366944175,8.76764267226122,SLF,491.9373474121094,362,0.09000000357627869,unknown,277.0,16.377892150334826
21,73,150,47.2566354753309,9.31652971207078,SLF,1368.9163818359375,243,1.690000057220459,Train,271.0,0.0
22,74,154,47.25,9.3400002,SYN,2187.029296875,252,5.349999904632568,Train,271.0,0.0
23,74,155,47.2492848786122,9.3423016951607,SLF,2345.958251953125,365,5.960000038146973,Train,271.0,0.0
24,74,156,47.25,9.35,GHC,2236.70361328125,360,5.880000114440918,Train,271.0,0.0
25,79,55,47.2238228172938,8.84827646885349,SLF,414.1633605957031,0,,unknown,277.0,12.287920540090425
26,80,21,47.2209587,8.6776896,SYN,498.4589538574219,0,,unknown,277.0,10.08009306764201
27,84,160,47.2009115376393,9.367377672827468,SLF,1007.9968872070312,364,0.800000011920929,Train,272.0,0.0
28,87,185,47.18699170287,9.49067581853529,SLF,444.31182861328125,0,,Train,273.0,0.0
29,87,149,47.1855512175443,9.31139373138275,SLF,1317.9459228515625,243,1.600000023841858,Train,272.0,0.0
30,90,116,47.1708374216254,9.1468828875966,SLF,1602.020263671875,365,3.5209999084472656,Test,274.0,0.0
31,90,90,47.1703021510844,9.02074169466956,SLF,413.4939880371094,331,0.14000000059604645,Test,275.0,0.0
32,98,25,47.1310355080139,8.69634733369779,SLF,926.8751831054688,362,0.5400000214576721,Test,277.0,0.0
33,98,37,47.13152505,8.758275,SYN,913.279541015625,51,0.2199999988079071,Test,277.0,0.0
34,98,191,47.1300011,9.520000500000002,SYN,457.0989990234375,0,,Val,279.0,0.0
35,99,36,47.1268385747699,8.75384987906717,SLF,919.0652465820312,365,0.28999999165534973,Test,277.0,0.0
36,99,7,47.1242392958848,8.60827142798352,SYN,723.0,0,,unknown,283.0,5.787752156723743
37,99,185,47.1244050536485,9.48952898301427,SLF,458.4847717285156,364,0.07000000029802322,Val,279.0,0.0
38,101,119,47.1138679190605,9.16318672768651,SLF,638.1331787109375,191,0.36000001430511475,Train,280.0,0.0
39,102,42,47.1125847810369,8.78064580514992,SLF,890.3858032226562,363,0.3799999952316284,Test,277.0,0.0
40,105,49,47.0971739130743,8.81714680888811,SLF,893.1629638671875,363,0.3499999940395355,Test,277.0,0.0
41,106,145,47.0890143717766,9.29444993847746,SLF,1320.30419921875,243,1.5800000429153442,Train,359.0,0.0
42,109,12,47.0748579679347,8.63287577839614,SLF,798.8263549804688,365,0.3499999940395355,Test,283.0,0.0
43,112,28,47.0603155526722,8.71364542174191,SLF,1028.09912109375,347,0.75,Train,284.0,0.0
44,113,85,47.054146,8.996357,SLF,1985.739990234375,0,,Test,288.0,0.0
45,114,174,47.0488158539481,9.43786276083802,SLF,541.2803344726562,346,0.28999999165534973,Train,285.0,0.0
46,115,83,47.047208000000005,8.986597,SLF,1685.5150146484375,0,,Test,288.0,0.0
47,116,41,47.0399537332247,8.77869683249789,SLF,1071.2003173828125,243,0.9599999785423279,Train,286.0,0.0
48,116,42,47.03948383223881,8.78118544116037,SLF,1105.8663330078125,357,0.8199999928474426,Train,286.0,0.0
49,117,86,47.0366950991176,9.00146909571408,SLF,865.3560791015625,359,0.7699999809265137,Test,288.0,0.0
50,117,51,47.0354583698136,8.82541674946416,SLF,1693.78271484375,365,2.374000072479248,Train,286.0,0.0
51,117,99,47.0347058159794,9.06687875302386,SLF,496.5058898925781,365,0.25999999046325684,Test,288.0,0.0
52,118,80,47.03062,8.96921,SLF,1263.020263671875,0,,Test,288.0,0.0
53,118,100,47.0299988,9.0699997,SYN,523.0614624023438,19,0.23999999463558197,Test,288.0,0.0
54,119,100,47.024505600000005,9.06985796,SYN,638.219970703125,0,,unknown,288.0,0.6098395163414326
55,120,14,47.0204037486493,8.64416065993994,SLF,485.1117248535156,360,0.12999999523162842,Train,289.0,0.0
56,122,44,47.0117604602254,8.79009352760058,SLF,1397.7772216796875,284,1.9299999475479126,Train,286.0,0.0
57,125,93,46.9966291841572,9.0375826326554,SLF,1609.689697265625,365,4.078000068664551,Test,288.0,0.0
58,126,124,46.992782000000005,9.189448,SLF,2156.369140625,0,,Test,569.0,0.0
59,128,188,46.981628766764,9.50728003779771,SLF,1194.4599609375,243,1.0,Test,293.0,0.0
60,129,20,46.9742899747726,8.67453836012729,SLF,1286.6025390625,243,1.3799999952316284,Train,362.0,0.0
61,130,113,46.9716096774194,9.13446463225807,SYN,1717.5140380859375,0,,unknown,295.0,3.999027779794343
62,131,165,46.9683647584304,9.39092523015202,SLF,2495.400390625,365,3.4059998989105225,Train,292.0,0.0
63,131,63,46.965216510322605,8.88864876516127,SYN,1957.7286376953125,0,,unknown,206.0,7.443857095214817
64,137,35,46.9382177373277,8.74562138828972,SLF,2127.4306640625,350,4.629000186920166,Train,294.0,0.0
65,137,84,46.93813153362041,8.98842217658589,SLF,1255.9940185546875,243,1.5099999904632568,Train,206.0,0.0
66,137,113,46.9356092059481,9.1365009733191,SLF,2105.24169921875,365,3.61299991607666,Test,295.0,0.0
67,139,117,46.9274783520724,9.15201728350957,SLF,1602.646240234375,151,2.549999952316284,Test,295.0,0.0
68,140,122,46.9244003637535,9.17713394802649,SLF,1010.5907592773438,365,0.5600000023841858,Test,295.0,0.0
69,140,122,46.9199982,9.1800003,SYN,1010.5907592773438,332,0.5600000023841858,Test,295.0,0.0
70,141,78,46.918082016133,8.95854987856756,SLF,1650.4281005859375,364,4.183000087738037,Train,206.0,0.0
71,145,69,46.8988140992031,8.91706595880811,SLF,1370.4359130859375,363,0.75,Train,206.0,0.0
72,146,41,46.8915385299693,8.77953979715574,SLF,2311.8017578125,365,4.925000190734863,Val,298.0,0.0
73,146,178,46.8909845077528,9.45816706665769,SLF,2143.981201171875,365,3.2890000343322754,Train,299.0,0.0
74,146,9,46.889999399999994,8.6199999,SYN,436.2250671386719,350,0.20999999344348907,Val,296.0,7.887024366937112e-13
75,149,83,46.8792199131717,8.98370684256883,SLF,882.4403686523438,360,0.8199999928474426,Train,206.0,0.0
76,150,12,46.870206704766,8.63174429206985,SLF,452.4795837402344,365,0.15000000596046448,Val,296.0,0.0
77,153,89,46.85875849392409,9.01748400125733,SLF,2483.293701171875,365,4.113999843597412,Train,206.0,0.0
78,155,123,46.8468720110651,9.18345537900562,SLF,2313.0185546875,365,2.815000057220459,Train,207.0,0.0
79,155,133,46.8455567490471,9.23123825054379,SLF,1675.971923828125,212,2.3499999046325684,Train,207.0,0.0
80,158,143,46.83366129150361,9.2832859461263,SLF,1086.48291015625,360,1.5800000429153442,Train,207.0,0.0
81,159,169,46.8275808949929,9.41293076761922,SLF,615.1151733398438,273,0.41999998688697815,Test,301.0,0.0
82,162,29,46.8129550456096,8.71734318116799,SLF,2040.630615234375,345,3.0320000648498535,Train,302.0,0.0
83,163,109,46.8102939492966,9.11513375239527,SLF,1241.297607421875,293,1.100000023841858,Train,208.0,0.0
84,167,119,46.789178111507894,9.16458308340771,SLF,1230.5816650390625,239,0.9800000190734863,Train,208.0,7.887024366937112e-13
85,168,90,46.7810665940868,9.02146814490337,SLF,2264.089599609375,365,2.622999906539917,Train,209.0,0.0
86,171,130,46.7700005,9.2200003,SYN,778.6543579101562,78,0.8299999833106995,Train,208.0,0.0
87,172,170,46.7656200626589,9.41858345204145,SLF,677.8486938476562,0,,Train,211.0,0.0
88,175,108,46.7473281082429,9.11095074835364,SLF,1396.3883056640625,245,1.590000033378601,Train,317.0,0.0
89,176,84,46.7437453081414,8.98872513894806,SLF,866.4326782226562,359,1.2999999523162842,Train,209.0,0.0
90,177,11,46.7374749003405,8.62645320091577,SLF,925.5823974609375,243,0.6499999761581421,Train,365.0,0.0
91,178,58,46.7315844750713,8.86142530738795,SLF,2348.6845703125,365,1.6790000200271606,Train,248.0,0.0
92,179,72,46.7310309666667,8.93238606190476,SYN,1149.4339599609375,0,,unknown,209.0,4.512750515223663
93,181,121,46.719037015615406,9.17378640367504,SLF,1247.928466796875,362,1.1200000047683716,Train,213.0,0.0
94,183,56,46.7099991,8.8500004,SYN,1338.4903564453125,120,1.0099999904632568,Train,248.0,0.0
95,183,57,46.7073373722863,8.85492647304822,SLF,1252.267333984375,365,1.0099999904632568,Train,248.0,0.0
96,185,175,46.6980636922995,9.44056191525028,SLF,693.973876953125,243,0.3499999940395355,Train,333.0,0.0
97,188,11,46.68556457459,8.626789439389091,SYN,2488.889892578125,365,3.2279999256134033,Train,250.0,0.0
98,188,10,46.684788,8.625968,SLF,2319.404541015625,0,,Train,250.0,0.0
99,188,36,46.6854124136363,8.75049551363636,SYN,1670.4547119140625,0,,unknown,249.0,1.547415387277198
100,188,30,46.6838803108833,8.72375109940852,SLF,2288.7255859375,365,2.3239998817443848,Test,249.0,0.0
101,189,152,46.679958151059,9.32836805802716,SLF,1733.20166015625,243,1.600000023841858,Train,318.0,0.0
102,189,39,46.6794029091117,8.76883198635665,SLF,1411.12060546875,244,1.309999942779541,Test,249.0,0.0
103,189,77,46.6785412666667,8.95353880555556,SYN,1734.3916015625,0,,unknown,248.0,7.286772427330392
104,190,127,46.67441118640989,9.20524161894874,SLF,2012.78662109375,365,1.7580000162124634,Train,217.0,0.0
105,190,12,46.673265,8.631772,SLF,2386.358154296875,0,,Train,250.0,0.0
106,190,57,46.6721170991318,8.8583159850684,SLF,1295.7138671875,246,0.75,Train,248.0,0.0
107,191,1,46.6675854510756,8.58113656275063,SLF,1199.387451171875,243,0.8999999761581421,Train,250.0,0.0
108,191,2,46.66722323298955,8.5856387769622,SLF,1170.643310546875,328,0.7799999713897705,Train,250.0,0.0
