i,j,lat,lon,provider,n,mae_ol,mae_30,mae_31,mae_32,mae_33,d,d30,d31,d32,d33,dmean
98,142,47.1300011,10.229999499999998,SYN,173,1.1508270502090454,0.514948844909668,0.4447760283946991,0.4705621004104614,0.4034425616264343,-0.7473844885826111,-0.6358782052993774,-0.7060510218143463,-0.680264949798584,-0.7473844885826111,-0.6923946663737297
98,142,47.1297226,10.23027706,ZAM,175,1.1144787073135376,0.4970622956752777,0.4445801675319671,0.4552337527275085,0.4009329676628113,-0.7135457396507263,-0.6174164116382599,-0.6698985397815704,-0.659244954586029,-0.7135457396507263,-0.6650264114141464
167,50,46.788833109079,9.77399051394934,SLF,181,0.588092029094696,0.1836311519145965,0.1069557219743728,0.1384196132421493,0.0875106006860733,-0.5005814284086227,-0.40446087718009954,-0.48113630712032324,-0.44967241585254675,-0.5005814284086227,-0.4589627571403981
156,82,46.84127126038041,9.93167229569342,SLF,181,0.6235058903694153,0.1763775050640106,0.1686804741621017,0.1572384536266327,0.181561529636383,-0.4419443607330322,-0.44712838530540466,-0.4548254162073136,-0.4662674367427826,-0.4419443607330323,-0.45254139974713326
185,99,46.6977166981315,10.0188448172399,SLF,181,0.5790126919746399,0.1459683775901794,0.1709164828062057,0.1578053385019302,0.2226720601320266,-0.3563406318426132,-0.4330443143844605,-0.4080962091684342,-0.42120735347270966,-0.35634063184261333,-0.40467212721705437
143,70,46.9091149998652,9.8738591619793,SLF,181,0.5093367099761963,0.1326978504657745,0.1117993965744972,0.0882602408528328,0.1186142936348915,-0.3907224163413048,-0.37663885951042175,-0.39753731340169907,-0.4210764691233635,-0.3907224163413048,-0.3964937645941973
128,94,46.9822248947388,9.99138778900753,SLF,143,0.493561178445816,0.1780868917703628,0.1761776357889175,0.1342809051275253,0.208299919962883,-0.285261258482933,-0.3154742866754532,-0.3173835426568985,-0.3592802733182907,-0.285261258482933,-0.31934984028339386
106,17,47.08846868936309,9.61177054092798,SLF,181,0.465747207403183,0.2080324292182922,0.1054330170154571,0.1987781375646591,0.1089026555418968,-0.3568445518612861,-0.25771477818489075,-0.3603141903877259,-0.26696906983852386,-0.35684455186128616,-0.31046064756810665
154,56,46.8517249839739,9.80484494583298,SLF,181,0.4728896915912628,0.2547350227832794,0.0890610069036483,0.1902040541172027,0.1228919923305511,-0.3499976992607116,-0.2181546688079834,-0.38382868468761455,-0.2826856374740601,-0.3499976992607117,-0.30866667255759245
128,159,46.98194504,10.31722164,ZAM,181,0.4777166843414306,0.2712275087833404,0.1321733146905899,0.3450180292129516,0.1736467033624649,-0.3040699809789657,-0.2064891755580902,-0.3455433696508407,-0.132698655128479,-0.3040699809789657,-0.24720029532909393
162,147,46.8150383026398,10.2553213936194,SLF,181,0.4676218628883362,0.3186641931533813,0.1299359798431396,0.3141644597053528,0.2260944992303848,-0.2415273636579513,-0.1489576697349549,-0.3376858830451966,-0.1534574031829834,-0.24152736365795138,-0.22040707990527156
82,124,47.21,10.1408333333333,ZAM,181,0.3539726734161377,0.1825926750898361,0.1344752162694931,0.1697409600019455,0.1136053726077079,-0.2403673008084297,-0.1713799983263016,-0.2194974571466446,-0.1842317134141922,-0.2403673008084298,-0.20386911742389205
69,47,47.275,9.76,ZAM,181,0.3561763763427734,0.1989026963710785,0.1456875205039978,0.1842251420021057,0.1386564075946808,-0.2175199687480926,-0.1572736799716949,-0.21048885583877558,-0.17195123434066767,-0.2175199687480926,-0.18930843472480768
185,59,46.6988889844443,9.81941136139983,SLF,181,0.3953110575675964,0.094513215124607,0.2658578753471374,0.2040288299322128,0.2827611267566681,-0.1125499308109283,-0.30079784244298935,-0.12945318222045898,-0.19128222763538358,-0.11254993081092829,-0.18352079577744007
133,164,46.9563804668955,10.338340429264,SLF,181,0.4521146416664123,0.2854794859886169,0.2508954703807831,0.2901784479618072,0.2789899408817291,-0.1731247007846832,-0.1666351556777954,-0.20121917128562922,-0.1619361937046051,-0.17312470078468317,-0.17572880536317825
72,113,47.26083375,10.08805515,SYN,181,0.26376873254776,0.1581711918115615,0.093409277498722,0.1245338395237922,0.0743725597858429,-0.1893961727619171,-0.10559754073619851,-0.17035945504903802,-0.1392348930239678,-0.18939617276191711,-0.15114701539278036
59,126,47.3233333333333,10.1525,ZAM,181,0.2140235304832458,0.0607749447226524,0.0622059628367424,0.0869397819042205,0.0503572486340999,-0.1636662818491459,-0.1532485857605934,-0.1518175676465034,-0.1270837485790253,-0.1636662818491459,-0.14895404595881698
169,30,46.779161568954,9.67451068481618,SLF,181,0.2164748758077621,0.1219004541635513,0.0530126728117466,0.0501650609076023,0.0724919065833091,-0.1439829692244529,-0.09457442164421079,-0.1634622029960155,-0.16630981490015978,-0.14398296922445297,-0.14208235219120974
104,17,47.10312447013669,9.60856982855367,SLF,181,0.2736992239952087,0.1731509715318679,0.1173998564481735,0.1514566838741302,0.114132136106491,-0.1595670878887176,-0.10054825246334079,-0.1562993675470352,-0.12224254012107849,-0.15956708788871768,-0.13466431200504303
130,62,46.97391310148021,9.834081163123562,SLF,181,0.2068968266248703,0.0966969057917594,0.0686912015080452,0.0576499216258525,0.1029354110360145,-0.1039614155888557,-0.1101999208331109,-0.1382056251168251,-0.1492469049990178,-0.1039614155888558,-0.1254034666344524
171,53,46.76685088166519,9.79003765748845,SLF,181,0.1623237133026123,0.0543196126818656,0.0324185453355312,0.0581281557679176,0.0706341043114662,-0.091689608991146,-0.1080041006207467,-0.1299051679670811,-0.1041955575346947,-0.0916896089911461,-0.10844860877841714
72,134,47.2599983,10.1899996,SYN,181,0.2473546713590622,0.1312245726585388,0.1776695847511291,0.1519473791122436,0.1280379146337509,-0.1193167567253112,-0.1161300987005234,-0.0696850866079331,-0.0954072922468186,-0.11931675672531131,-0.10013480857014659
162,65,46.81273586771565,9.848270177518556,SLF,181,0.1730063259601593,0.0489925257861614,0.0825352296233177,0.0579656884074211,0.1079397648572921,-0.0650665611028671,-0.1240138001739979,-0.0904710963368416,-0.1150406375527382,-0.0650665611028672,-0.09864802379161122
71,113,47.26305389,10.08527756,ZAM,181,0.1580438613891601,0.0493789948523044,0.0636281594634056,0.0475712344050407,0.0808613523840904,-0.0771825090050697,-0.1086648665368557,-0.0944157019257545,-0.1104726269841194,-0.0771825090050697,-0.09768392611294982
131,106,46.96666718,10.05000019,ZAM,181,0.1448062807321548,0.0598137527704238,0.0506887398660182,0.0724942237138748,0.0494866520166397,-0.0953196287155151,-0.08499252796173098,-0.09411754086613659,-0.07231205701827999,-0.09531962871551508,-0.08668543864041565
152,75,46.8608269857335,9.895958801677931,SLF,181,0.1433739066123962,0.0697289556264877,0.0370286777615547,0.0846028700470924,0.0428252518177032,-0.100548654794693,-0.07364495098590851,-0.10634522885084152,-0.058771036565303816,-0.10054865479469302,-0.0848274677991867
159,57,46.829634342542455,9.80926303739559,SLF,181,0.5040894150733948,0.4574741423130035,0.3675322532653808,0.5422746539115906,0.3134480118751526,-0.1906414031982422,-0.04661527276039129,-0.13655716180801397,0.0381852388381958,-0.1906414031982422,-0.08390714973211291
170,72,46.7719371630697,9.88208064413579,SLF,171,0.150512233376503,0.0558701567351818,0.0834690257906913,0.0628760233521461,0.0884049534797668,-0.0621072798967361,-0.09464207664132118,-0.06704320758581168,-0.0876362100243569,-0.06210727989673619,-0.07785719353705649
97,121,47.13499832000001,10.12472153,ZAM,181,0.1932800114154815,0.1526933759450912,0.0944138392806053,0.1257390230894088,0.098536230623722,-0.0947437807917594,-0.04058663547039032,-0.09886617213487621,-0.06754098832607272,-0.09474378079175952,-0.07543439418077469
44,151,47.3989,10.2767,GHC,72,0.1858419477939605,0.1254886835813522,0.0725123211741447,0.1175752207636833,0.1261786371469497,-0.0596633106470108,-0.06035326421260828,-0.11332962661981578,-0.06826672703027718,-0.059663310647010775,-0.075403232127428
98,120,47.1300011,10.1199999,SYN,181,0.1781066954135894,0.1319403946399688,0.0964453145861625,0.1218380779027938,0.0993982255458831,-0.0787084698677063,-0.046166300773620605,-0.0816613808274269,-0.05626861751079559,-0.0787084698677063,-0.06570119224488735
98,150,47.13166428,10.2699995,ZAM,181,0.1435851454734802,0.0894610062241554,0.0438880324363708,0.1187652871012687,0.0670414566993713,-0.0765436887741088,-0.0541241392493248,-0.0996971130371094,-0.024819858372211498,-0.0765436887741089,-0.06379619985818864
182,49,46.7134871455989,9.76795435216116,SLF,180,0.1081936210393905,0.0401143059134483,0.0322042740881443,0.0614392757415771,0.0526237487792968,-0.0555698722600936,-0.0680793151259422,-0.07598934695124619,-0.046754345297813395,-0.055569872260093696,-0.061598219908773864
71,164,47.26250076,10.34222221,ZAM,181,0.1061522960662841,0.042207758873701,0.0349426418542861,0.0550165064632892,0.0526831448078155,-0.0534691512584686,-0.0639445371925831,-0.071209654211998,-0.0511357896029949,-0.05346915125846859,-0.05993978306651115
152,72,46.8631223976187,9.88123688532704,SLF,181,0.1434806883335113,0.1174969226121902,0.0635216608643531,0.0985454320907592,0.0552976988255977,-0.0881829895079135,-0.025983765721321092,-0.0799590274691582,-0.0449352562427521,-0.08818298950791359,-0.05976525973528625
72,164,47.2599983,10.3400002,SYN,181,0.1102765947580337,0.0752239823341369,0.0305371358990669,0.0760145783424377,0.0337741114199161,-0.0765024833381176,-0.0350526124238968,-0.0797394588589668,-0.034262016415595994,-0.0765024833381176,-0.0563891427591443
132,175,46.96053390237,10.395217614088102,SLF,181,0.1547266542911529,0.1017765328288078,0.0477082692086696,0.1452783793210983,0.1303138732910156,-0.0244127810001373,-0.052950121462345096,-0.10701838508248329,-0.009448274970054599,-0.0244127810001373,-0.04845739062875507
98,149,47.1313888888889,10.2666666666667,ZAM,181,0.1135392189025878,0.0677907243371009,0.0405863039195537,0.0872167944908142,0.0823218002915382,-0.0312174186110496,-0.045748494565486894,-0.07295291498303409,-0.0263224244117736,-0.031217418611049597,-0.044060313142836045
44,152,47.4000015,10.2799997,SYN,128,0.1050214916467666,0.0756379812955856,0.0371013581752777,0.0746002048254013,0.0795135051012039,-0.0255079865455627,-0.02938351035118099,-0.0679201334714889,-0.030421286821365287,-0.02550798654556269,-0.038308229297399465
62,99,47.31111145,10.01861,ZAM,181,0.0870440080761909,0.0579496473073959,0.0450213849544525,0.0630899220705032,0.0339091606438159,-0.0531348474323749,-0.029094360768795006,-0.042022623121738406,-0.023954086005687714,-0.05313484743237501,-0.037051479332149036
166,32,46.792315242296496,9.68291835906421,SLF,181,0.2183021605014801,0.0908686369657516,0.2911544442176819,0.1014929264783859,0.2553189396858215,0.0370167791843414,-0.1274335235357285,0.07285228371620178,-0.1168092340230942,0.037016779184341375,-0.03359342366456989
133,16,46.9565090938197,9.60540482735888,SLF,181,0.0690717846155166,0.0472445301711559,0.0434137359261512,0.0474144406616687,0.0430441834032535,-0.0260276012122631,-0.02182725444436069,-0.025658048689365394,-0.021657343953847892,-0.026027601212263093,-0.023792562074959268
104,43,47.10305405,9.738332748,ZAM,181,0.0650533512234687,0.0450422167778015,0.0366561114788055,0.0405465029180049,0.0464085526764392,-0.0186447985470294,-0.020011134445667197,-0.028397239744663197,-0.024506848305463798,-0.018644798547029495,-0.02289000526070592
