i,j,lat,lon,provider,n,mae_ol,mae_30,mae_31,mae_32,mae_33,d
8,43,47.5783,9.7417,GHC,151,0.01651991903781891,0.011941390112042427,0.007935365661978722,0.014611266553401947,0.009183413349092007,-0.007336505688726902
19,78,47.52222061,9.914722443,ZAM,181,0.06311667710542679,0.04151776432991028,0.05039099231362343,0.039373770356178284,0.04527849704027176,-0.01783818006515503
23,44,47.50166702,9.744443893,ZAM,181,0.021870169788599014,0.010277284309267998,0.009101705625653267,0.009284193627536297,0.015694446861743927,-0.006175722926855087
37,12,47.4339384189438,9.58665388896622,SLF,178,0.03671623766422272,0.024628616869449615,0.03041725978255272,0.028423909097909927,0.03256471827626228,-0.004151519387960434
44,152,47.4000015,10.2799997,SYN,128,0.10502149164676666,0.07563798129558563,0.03710135817527771,0.0746002048254013,0.07951350510120392,-0.025507986545562744
44,151,47.3989,10.2767,GHC,72,0.18584194779396057,0.12548868358135223,0.07251232117414474,0.11757522076368332,0.12617863714694977,-0.0596633106470108
59,126,47.3233333333333,10.1525,ZAM,181,0.21402353048324585,0.060774944722652435,0.0622059628367424,0.08693978190422058,0.05035724863409996,-0.1636662818491459
61,30,47.31416702,9.674444199,ZAM,181,0.032970838248729706,0.017099160701036453,0.017146117985248566,0.02019108645617962,0.025084570050239563,-0.007886268198490143
62,99,47.31111145,10.01861,ZAM,181,0.08704400807619095,0.057949647307395935,0.045021384954452515,0.06308992207050323,0.033909160643815994,-0.053134847432374954
69,47,47.275,9.76,ZAM,181,0.35617637634277344,0.1989026963710785,0.1456875205039978,0.1842251420021057,0.1386564075946808,-0.21751996874809265
70,17,47.27111053,9.609722137,ZAM,181,0.01859932206571102,0.016515396535396576,0.01578778401017189,0.01329804677516222,0.01515073049813509,-0.0034485915675759315
71,113,47.26305389,10.08527756,ZAM,181,0.15804386138916016,0.04937899485230446,0.06362815946340561,0.04757123440504074,0.08086135238409042,-0.07718250900506973
71,164,47.26250076,10.34222221,ZAM,181,0.10615229606628418,0.042207758873701096,0.034942641854286194,0.05501650646328926,0.05268314480781555,-0.05346915125846863
72,113,47.26083375,10.08805515,SYN,181,0.26376873254776,0.15817119181156158,0.09340927749872208,0.12453383952379227,0.0743725597858429,-0.18939617276191711
72,134,47.2599983,10.1899996,SYN,181,0.2473546713590622,0.13122457265853882,0.17766958475112915,0.15194737911224365,0.12803791463375092,-0.11931675672531128
72,164,47.2599983,10.3400002,SYN,181,0.11027659475803375,0.07522398233413696,0.030537135899066925,0.07601457834243774,0.03377411141991615,-0.0765024833381176
82,124,47.21,10.140833333333301,ZAM,181,0.3539726734161377,0.18259267508983612,0.1344752162694931,0.1697409600019455,0.11360537260770798,-0.24036730080842972
97,121,47.13499832000001,10.12472153,ZAM,181,0.19328001141548157,0.15269337594509125,0.09441383928060532,0.12573902308940887,0.09853623062372208,-0.09474378079175949
98,149,47.1313888888889,10.2666666666667,ZAM,181,0.11353921890258789,0.06779072433710098,0.04058630391955376,0.08721679449081421,0.08232180029153824,-0.031217418611049652
98,150,47.13166428,10.2699995,ZAM,181,0.14358514547348022,0.08946100622415543,0.04388803243637085,0.11876528710126877,0.06704145669937134,-0.07654368877410889
98,120,47.1300011,10.1199999,SYN,181,0.17810669541358948,0.13194039463996887,0.09644531458616257,0.12183807790279388,0.09939822554588318,-0.0787084698677063
98,142,47.1300011,10.229999499999998,SYN,173,1.1508270502090454,0.514948844909668,0.4447760283946991,0.4705621004104614,0.4034425616264343,-0.7473844885826111
98,142,47.1297226,10.23027706,ZAM,175,1.1144787073135376,0.4970622956752777,0.44458016753196716,0.45523375272750854,0.4009329676628113,-0.7135457396507263
104,17,47.10312447013669,9.60856982855367,SLF,181,0.27369922399520874,0.17315097153186798,0.11739985644817352,0.15145668387413025,0.11413213610649109,-0.15956708788871765
104,43,47.103054050000004,9.738332748,ZAM,181,0.06505335122346878,0.045042216777801514,0.03665611147880554,0.04054650291800499,0.046408552676439285,-0.018644798547029495
104,43,47.0999985,9.7399998,SYN,181,0.06612583994865417,0.048669278621673584,0.04471864178776741,0.04515739530324936,0.0499957799911499,-0.016130059957504272
106,17,47.08846868936309,9.611770540927981,SLF,181,0.465747207403183,0.20803242921829224,0.10543301701545715,0.19877813756465912,0.10890265554189682,-0.35684455186128616
128,37,46.9834621647487,9.70984653063677,SLF,181,0.06503687798976898,0.054658181965351105,0.04945411905646324,0.04961081221699715,0.05463128164410591,-0.01040559634566307
128,94,46.9822248947388,9.99138778900753,SLF,143,0.49356117844581604,0.17808689177036285,0.17617763578891754,0.13428090512752533,0.208299919962883,-0.28526125848293304
128,159,46.98194504,10.31722164,ZAM,181,0.47771668434143066,0.27122750878334045,0.1321733146905899,0.34501802921295166,0.1736467033624649,-0.30406998097896576
130,62,46.97391310148021,9.834081163123562,SLF,181,0.2068968266248703,0.09669690579175949,0.0686912015080452,0.057649921625852585,0.10293541103601456,-0.10396141558885574
131,106,46.96666718,10.05000019,ZAM,181,0.14480628073215485,0.05981375277042389,0.050688739866018295,0.07249422371387482,0.04948665201663971,-0.09531962871551514
131,6,46.9662614486874,9.55545396063846,SLF,181,0.02267313003540039,0.016176097095012665,0.013584787957370281,0.016763020306825638,0.017606573179364204,-0.005066556856036186
131,134,46.96444321,10.18916607,ZAM,181,0.092455193400383,0.09343799203634262,0.11496414989233017,0.11998458206653595,0.1937059462070465,0.10125075280666351
132,7,46.961981743039,9.56303995732269,SLF,154,0.03595772013068199,0.030409008264541626,0.02817540615797043,0.0271114781498909,0.031570304185152054,-0.004387415945529938
132,175,46.96053390237,10.395217614088102,SLF,181,0.15472665429115295,0.10177653282880783,0.04770826920866966,0.14527837932109833,0.13031387329101562,-0.02441278100013733
133,16,46.9565090938197,9.60540482735888,SLF,181,0.06907178461551666,0.04724453017115593,0.043413735926151276,0.04741444066166878,0.043044183403253555,-0.026027601212263107
133,164,46.9563804668955,10.338340429264,SLF,181,0.45211464166641235,0.28547948598861694,0.2508954703807831,0.29017844796180725,0.2789899408817291,-0.17312470078468323
138,185,46.9317670954854,10.4428468878887,SLF,181,0.33938300609588623,0.4085378050804138,0.3463950455188751,0.43124663829803467,0.45345398783683777,0.11407098174095154
141,49,46.9152291419617,9.76908174650493,SLF,181,0.04655630514025688,0.04430719092488289,0.03295561671257019,0.03149108588695526,0.03457343950867653,-0.011982865631580353
142,49,46.914633523315906,9.77181384975005,SLF,117,0.041527386754751205,0.028679335489869118,0.08016790449619293,0.024633437395095825,0.08299817144870758,0.041470784693956375
143,70,46.9091149998652,9.8738591619793,SLF,181,0.5093367099761963,0.13269785046577454,0.11179939657449722,0.0882602408528328,0.11861429363489151,-0.3907224163413048
150,1,46.8705279461304,9.53042991276305,SLF,181,0.011855379678308964,0.011626406572759151,0.010962051339447498,0.0045742555521428585,0.00862585473805666,-0.003229524940252304
151,1,46.8699989,9.5299997,SYN,170,0.009799618273973465,0.006183126475661993,0.007191232871264219,0.006536766886711121,0.006312333047389984,-0.003487285226583481
152,72,46.8631223976187,9.88123688532704,SLF,181,0.14348068833351135,0.11749692261219025,0.06352166086435318,0.09854543209075928,0.05529769882559776,-0.08818298950791359
152,75,46.8608269857335,9.895958801677931,SLF,181,0.14337390661239624,0.06972895562648773,0.03702867776155472,0.08460287004709244,0.04282525181770325,-0.100548654794693
154,56,46.8517249839739,9.80484494583298,SLF,181,0.4728896915912628,0.2547350227832794,0.08906100690364838,0.19020405411720276,0.12289199233055115,-0.34999769926071167
156,82,46.84127126038041,9.93167229569342,SLF,181,0.6235058903694153,0.17637750506401062,0.16868047416210175,0.1572384536266327,0.18156152963638306,-0.4419443607330322
159,57,46.829634342542455,9.80926303739559,SLF,181,0.5040894150733948,0.45747414231300354,0.36753225326538086,0.5422746539115906,0.3134480118751526,-0.1906414031982422
162,16,46.8153178520626,9.6054901891407,SLF,181,0.043699976056814194,0.13468395173549652,0.1567300260066986,0.18079301714897156,0.20299643278121948,0.1592964567244053
162,147,46.8150383026398,10.2553213936194,SLF,181,0.4676218628883362,0.31866419315338135,0.12993597984313965,0.3141644597053528,0.22609449923038483,-0.24152736365795135
162,65,46.81273586771565,9.848270177518556,SLF,181,0.1730063259601593,0.04899252578616142,0.08253522962331772,0.05796568840742111,0.10793976485729218,-0.06506656110286713
162,150,46.81056193348461,10.2710817689716,SLF,181,0.29072195291519165,0.27935361862182617,0.21019308269023895,0.3029502034187317,0.30112239718437195,0.010400444269180298
166,153,46.7937333312873,10.285399799789802,SLF,181,0.047590240836143494,0.02046554535627365,0.058319177478551865,0.026992078870534897,0.05432745814323425,0.006737217307090759
166,32,46.792315242296496,9.68291835906421,SLF,181,0.2183021605014801,0.09086863696575165,0.2911544442176819,0.10149292647838593,0.25531893968582153,0.03701677918434143
166,143,46.7922210025623,10.2373524351835,SLF,181,0.12698014080524445,0.15479889512062073,0.06334314495325089,0.14504605531692505,0.12878412008285522,0.0018039792776107788
166,53,46.7916179250376,9.79001837830465,SLF,181,0.1793811172246933,0.5508432388305664,0.5555242896080017,0.5569782853126526,0.5816046595573425,0.40222354233264923
167,50,46.788833109079,9.773990513949341,SLF,181,0.588092029094696,0.18363115191459656,0.10695572197437286,0.13841961324214935,0.0875106006860733,-0.5005814284086227
168,52,46.784194748677805,9.78470275758155,SLF,181,0.2041655033826828,0.22836492955684662,0.22345641255378723,0.22806593775749207,0.1291048675775528,-0.07506063580513
169,30,46.779161568954,9.67451068481618,SLF,181,0.21647487580776215,0.12190045416355133,0.0530126728117466,0.05016506090760231,0.07249190658330917,-0.14398296922445297
170,72,46.7719371630697,9.88208064413579,SLF,171,0.150512233376503,0.05587015673518181,0.08346902579069138,0.06287602335214615,0.08840495347976685,-0.062107279896736145
171,53,46.76685088166519,9.79003765748845,SLF,181,0.1623237133026123,0.05431961268186569,0.032418545335531235,0.05812815576791763,0.07063410431146622,-0.09168960899114609
174,85,46.7527121108172,9.94644506119759,SLF,181,0.21001598238945007,0.5124672651290894,0.5253633260726929,0.568591833114624,0.5351722240447998,0.32515624165534973
182,49,46.7134871455989,9.76795435216116,SLF,180,0.10819362103939056,0.040114305913448334,0.0322042740881443,0.06143927574157715,0.052623748779296875,-0.05556987226009369
185,59,46.6988889844443,9.81941136139983,SLF,181,0.39531105756759644,0.09451321512460709,0.26585787534713745,0.20402882993221283,0.2827611267566681,-0.11254993081092834
185,99,46.6977166981315,10.0188448172399,SLF,181,0.5790126919746399,0.14596837759017944,0.17091648280620575,0.15780533850193024,0.22267206013202667,-0.3563406318426132
185,114,46.6977125282715,10.089995885399,SLF,181,0.042787350714206696,0.03741192817687988,0.03764652460813522,0.07458341121673584,0.09182138741016388,0.049034036695957184
189,25,46.6772767899808,9.649893647370531,SLF,177,0.014693869277834892,0.045019544661045074,0.06193128600716591,0.04708530381321907,0.05756288021802902,0.04286901094019413
191,33,46.6708688706477,9.68989669754938,SLF,177,0.01404770091176033,0.01887405291199684,0.017913587391376495,0.016134629026055336,0.012263626791536808,-0.0017840741202235222
