fiveplot_v20_125_93.png	FIGURES_summerjob/y035x199_2017-18/timeseries/sites/fiveplot_v20_125_93.png
fiveplot_v20_137_113.png	FIGURES_summerjob/y035x199_2017-18/timeseries/sites/fiveplot_v20_137_113.png
fiveplot_v20_139_117.png	FIGURES_summerjob/y035x199_2017-18/timeseries/sites/fiveplot_v20_139_117.png
fiveplot_v20_188_30.png	FIGURES_summerjob/y035x199_2017-18/timeseries/sites/fiveplot_v20_188_30.png
fiveplot_v20_90_116.png	FIGURES_summerjob/y035x199_2017-18/timeseries/sites/fiveplot_v20_90_116.png
fiveplot_v21_125_93.png	FIGURES_summerjob/y035x199_2017-18/timeseries/sites/fiveplot_v21_125_93.png
fiveplot_v21_137_113.png	FIGURES_summerjob/y035x199_2017-18/timeseries/sites/fiveplot_v21_137_113.png
fiveplot_v21_139_117.png	FIGURES_summerjob/y035x199_2017-18/timeseries/sites/fiveplot_v21_139_117.png
fiveplot_v21_188_30.png	FIGURES_summerjob/y035x199_2017-18/timeseries/sites/fiveplot_v21_188_30.png
fiveplot_v21_90_116.png	FIGURES_summerjob/y035x199_2017-18/timeseries/sites/fiveplot_v21_90_116.png
fiveplot_v22_125_93.png	FIGURES_summerjob/y035x199_2017-18/timeseries/sites/fiveplot_v22_125_93.png
fiveplot_v22_137_113.png	FIGURES_summerjob/y035x199_2017-18/timeseries/sites/fiveplot_v22_137_113.png
fiveplot_v22_139_117.png	FIGURES_summerjob/y035x199_2017-18/timeseries/sites/fiveplot_v22_139_117.png
fiveplot_v22_188_30.png	FIGURES_summerjob/y035x199_2017-18/timeseries/sites/fiveplot_v22_188_30.png
fiveplot_v22_90_116.png	FIGURES_summerjob/y035x199_2017-18/timeseries/sites/fiveplot_v22_90_116.png
fiveplot_v23_125_93.png	FIGURES_summerjob/y035x199_2017-18/timeseries/sites/fiveplot_v23_125_93.png
fiveplot_v23_137_113.png	FIGURES_summerjob/y035x199_2017-18/timeseries/sites/fiveplot_v23_137_113.png
fiveplot_v23_139_117.png	FIGURES_summerjob/y035x199_2017-18/timeseries/sites/fiveplot_v23_139_117.png
fivepanel_combo_125_93.png	FIGURES_summerjob/y035x199_2017-18/timeseries/sites/fivepanel_combo_125_93.png
fivepanel_combo_139_117.png	FIGURES_summerjob/y035x199_2017-18/timeseries/sites/fivepanel_combo_139_117.png
fivepanel_combo_188_30.png	FIGURES_summerjob/y035x199_2017-18/timeseries/sites/fivepanel_combo_188_30.png
skillmap_dMAE_y035x199.png	FIGURES_summerjob/y035x199_2017-18/maps/skillmap_dMAE_y035x199.png
FIGURES_summerjob/timeseries_dyn_y035x200.png	FIGURES_summerjob/y035x200_2016-17/timeseries/timeseries_dyn_y035x200.png
FIGURES_summerjob/timeseries_fix_y035x200.png	FIGURES_summerjob/y035x200_2016-17/timeseries/timeseries_fix_y035x200.png
FIGURES_summerjob/fivepanel_best_dyn_98_142_dawindow.png	FIGURES_summerjob/y035x200_2016-17/timeseries/sites/fivepanel_best_dyn_98_142_dawindow.png
FIGURES_summerjob/fivepanel_best_dyn_98_142_fullyear.png	FIGURES_summerjob/y035x200_2016-17/timeseries/sites/fivepanel_best_dyn_98_142_fullyear.png
FIGURES_summerjob/fivepanel_best_fix_98_142_dawindow.png	FIGURES_summerjob/y035x200_2016-17/timeseries/sites/fivepanel_best_fix_98_142_dawindow.png
FIGURES_summerjob/fivepanel_best_fix_98_142_fullyear.png	FIGURES_summerjob/y035x200_2016-17/timeseries/sites/fivepanel_best_fix_98_142_fullyear.png
FIGURES_summerjob/fivepanel_dyn_154_56_cropped.png	FIGURES_summerjob/y035x200_2016-17/timeseries/sites/fivepanel_dyn_154_56_cropped.png
FIGURES_summerjob/fivepanel_dyn_154_56_dawindow.png	FIGURES_summerjob/y035x200_2016-17/timeseries/sites/fivepanel_dyn_154_56_dawindow.png
FIGURES_summerjob/fivepanel_dyn_154_56_fullyear.png	FIGURES_summerjob/y035x200_2016-17/timeseries/sites/fivepanel_dyn_154_56_fullyear.png
FIGURES_summerjob/fivepanel_dyn_154_56.png	FIGURES_summerjob/y035x200_2016-17/timeseries/sites/fivepanel_dyn_154_56.png
FIGURES_summerjob/fivepanel_dyn_159_57_cropped.png	FIGURES_summerjob/y035x200_2016-17/timeseries/sites/fivepanel_dyn_159_57_cropped.png
FIGURES_summerjob/fivepanel_dyn_159_57_dawindow.png	FIGURES_summerjob/y035x200_2016-17/timeseries/sites/fivepanel_dyn_159_57_dawindow.png
FIGURES_summerjob/fivepanel_dyn_159_57_fullyear.png	FIGURES_summerjob/y035x200_2016-17/timeseries/sites/fivepanel_dyn_159_57_fullyear.png
FIGURES_summerjob/fivepanel_dyn_159_57.png	FIGURES_summerjob/y035x200_2016-17/timeseries/sites/fivepanel_dyn_159_57.png
FIGURES_summerjob/fivepanel_dyn_167_50_cropped.png	FIGURES_summerjob/y035x200_2016-17/timeseries/sites/fivepanel_dyn_167_50_cropped.png
FIGURES_summerjob/fivepanel_dyn_167_50_dawindow.png	FIGURES_summerjob/y035x200_2016-17/timeseries/sites/fivepanel_dyn_167_50_dawindow.png
FIGURES_summerjob/fivepanel_dyn_167_50_fullyear.png	FIGURES_summerjob/y035x200_2016-17/timeseries/sites/fivepanel_dyn_167_50_fullyear.png
FIGURES_summerjob/fivepanel_dyn_167_50.png	FIGURES_summerjob/y035x200_2016-17/timeseries/sites/fivepanel_dyn_167_50.png
FIGURES_summerjob/fivepanel_dyn_168_52_cropped.png	FIGURES_summerjob/y035x200_2016-17/timeseries/sites/fivepanel_dyn_168_52_cropped.png
FIGURES_summerjob/fivepanel_dyn_168_52_dawindow.png	FIGURES_summerjob/y035x200_2016-17/timeseries/sites/fivepanel_dyn_168_52_dawindow.png
FIGURES_summerjob/fivepanel_dyn_168_52_fullyear.png	FIGURES_summerjob/y035x200_2016-17/timeseries/sites/fivepanel_dyn_168_52_fullyear.png
FIGURES_summerjob/fivepanel_dyn_168_52.png	FIGURES_summerjob/y035x200_2016-17/timeseries/sites/fivepanel_dyn_168_52.png
FIGURES_summerjob/fivepanel_fix_154_56_cropped.png	FIGURES_summerjob/y035x200_2016-17/timeseries/sites/fivepanel_fix_154_56_cropped.png
FIGURES_summerjob/fivepanel_fix_154_56_dawindow.png	FIGURES_summerjob/y035x200_2016-17/timeseries/sites/fivepanel_fix_154_56_dawindow.png
FIGURES_summerjob/fivepanel_fix_154_56_fullyear.png	FIGURES_summerjob/y035x200_2016-17/timeseries/sites/fivepanel_fix_154_56_fullyear.png
FIGURES_summerjob/fivepanel_fix_154_56.png	FIGURES_summerjob/y035x200_2016-17/timeseries/sites/fivepanel_fix_154_56.png
FIGURES_summerjob/fivepanel_fix_159_57_cropped.png	FIGURES_summerjob/y035x200_2016-17/timeseries/sites/fivepanel_fix_159_57_cropped.png
FIGURES_summerjob/fivepanel_fix_159_57_dawindow.png	FIGURES_summerjob/y035x200_2016-17/timeseries/sites/fivepanel_fix_159_57_dawindow.png
FIGURES_summerjob/fivepanel_fix_159_57_fullyear.png	FIGURES_summerjob/y035x200_2016-17/timeseries/sites/fivepanel_fix_159_57_fullyear.png
FIGURES_summerjob/fivepanel_fix_159_57.png	FIGURES_summerjob/y035x200_2016-17/timeseries/sites/fivepanel_fix_159_57.png
FIGURES_summerjob/fivepanel_fix_167_50_cropped.png	FIGURES_summerjob/y035x200_2016-17/timeseries/sites/fivepanel_fix_167_50_cropped.png
FIGURES_summerjob/fivepanel_fix_167_50_dawindow.png	FIGURES_summerjob/y035x200_2016-17/timeseries/sites/fivepanel_fix_167_50_dawindow.png
FIGURES_summerjob/fivepanel_fix_167_50_fullyear.png	FIGURES_summerjob/y035x200_2016-17/timeseries/sites/fivepanel_fix_167_50_fullyear.png
FIGURES_summerjob/fivepanel_fix_167_50.png	FIGURES_summerjob/y035x200_2016-17/timeseries/sites/fivepanel_fix_167_50.png
FIGURES_summerjob/fivepanel_fix_168_52_cropped.png	FIGURES_summerjob/y035x200_2016-17/timeseries/sites/fivepanel_fix_168_52_cropped.png
FIGURES_summerjob/fivepanel_fix_168_52_dawindow.png	FIGURES_summerjob/y035x200_2016-17/timeseries/sites/fivepanel_fix_168_52_dawindow.png
FIGURES_summerjob/fivepanel_fix_168_52_fullyear.png	FIGURES_summerjob/y035x200_2016-17/timeseries/sites/fivepanel_fix_168_52_fullyear.png
FIGURES_summerjob/fivepanel_fix_168_52.png	FIGURES_summerjob/y035x200_2016-17/timeseries/sites/fivepanel_fix_168_52.png
FIGURES_summerjob/fivepanel_train_dyn_156_82_dawindow.png	FIGURES_summerjob/y035x200_2016-17/timeseries/sites/fivepanel_train_dyn_156_82_dawindow.png
FIGURES_summerjob/fivepanel_train_dyn_98_142_dawindow.png	FIGURES_summerjob/y035x200_2016-17/timeseries/sites/fivepanel_train_dyn_98_142_dawindow.png
FIGURES_summerjob/fivepanel_train_fix_156_82_dawindow.png	FIGURES_summerjob/y035x200_2016-17/timeseries/sites/fivepanel_train_fix_156_82_dawindow.png
FIGURES_summerjob/fivepanel_train_fix_98_142_dawindow.png	FIGURES_summerjob/y035x200_2016-17/timeseries/sites/fivepanel_train_fix_98_142_dawindow.png
FIGURES_summerjob/fivepanel_worst_dyn_166_53_dawindow.png	FIGURES_summerjob/y035x200_2016-17/timeseries/sites/fivepanel_worst_dyn_166_53_dawindow.png
FIGURES_summerjob/fivepanel_worst_dyn_166_53_fullyear.png	FIGURES_summerjob/y035x200_2016-17/timeseries/sites/fivepanel_worst_dyn_166_53_fullyear.png
FIGURES_summerjob/fivepanel_worst_fix_166_53_dawindow.png	FIGURES_summerjob/y035x200_2016-17/timeseries/sites/fivepanel_worst_fix_166_53_dawindow.png
FIGURES_summerjob/fivepanel_worst_fix_166_53_fullyear.png	FIGURES_summerjob/y035x200_2016-17/timeseries/sites/fivepanel_worst_fix_166_53_fullyear.png
FIGURES_summerjob/spatial_enkf_dyn_2017-03-16.png	FIGURES_summerjob/y035x200_2016-17/maps/spatial_enkf_dyn_2017-03-16.png
FIGURES_summerjob/spatial_enkf_fix_2017-03-16.png	FIGURES_summerjob/y035x200_2016-17/maps/spatial_enkf_fix_2017-03-16.png
FIGURES_summerjob/spatial_OL_DA_survey_2017-03-16.png	FIGURES_summerjob/y035x200_2016-17/maps/spatial_OL_DA_survey_2017-03-16.png
FIGURES_summerjob/spatial_pbs_dyn_2017-03-16.png	FIGURES_summerjob/y035x200_2016-17/maps/spatial_pbs_dyn_2017-03-16.png
FIGURES_summerjob/spatial_pbs_fix_2017-03-16.png	FIGURES_summerjob/y035x200_2016-17/maps/spatial_pbs_fix_2017-03-16.png
FIGURES_summerjob/fulltile_DA_minus_OL_2017-03-16.png	FIGURES_summerjob/y035x200_2016-17/maps/fulltile_DA_minus_OL_2017-03-16.png
FIGURES_summerjob/fulltile_OL_DA_2017-03-16.png	FIGURES_summerjob/y035x200_2016-17/maps/fulltile_OL_DA_2017-03-16.png
FIGURES_summerjob/skillmap_dMAE_allsites_y035x200.png	FIGURES_summerjob/y035x200_2016-17/maps/skillmap_dMAE_allsites_y035x200.png
FIGURES_summerjob/blue_sites_map_y035x200.png	FIGURES_summerjob/y035x200_2016-17/maps/blue_sites_map_y035x200.png
FIGURES_summerjob/scatter_DA_y035x200.png	FIGURES_summerjob/y035x200_2016-17/scatter/scatter_DA_y035x200.png
FIGURES_summerjob/scatter_OL_DA_insitu_y035x200.png	FIGURES_summerjob/y035x200_2016-17/scatter/scatter_OL_DA_insitu_y035x200.png
FIGURES_summerjob/scatter_OL_y035x200.png	FIGURES_summerjob/y035x200_2016-17/scatter/scatter_OL_y035x200.png
FIGURES_summerjob/pbs_neff_degeneracy.png	FIGURES_summerjob/y035x200_2016-17/diagnostics/pbs_neff_degeneracy.png
FIGURES_summerjob/figure_for_lucas_enkf.png	FIGURES_summerjob/y035x200_2016-17/summary/figure_for_lucas_enkf.png
FIGURES_summerjob/figure_for_lucas_pbs.png	FIGURES_summerjob/y035x200_2016-17/summary/figure_for_lucas_pbs.png
FIGURES_summerjob/figure_for_lucas.png	FIGURES_summerjob/y035x200_2016-17/summary/figure_for_lucas.png
FIGURES_summerjob/blue_sites_y035x200.csv	FIGURES_summerjob/y035x200_2016-17/tables/blue_sites_y035x200.csv
FIGURES_summerjob/metrics_survey_2017-03-16.csv	FIGURES_summerjob/y035x200_2016-17/tables/metrics_survey_2017-03-16.csv
FIGURES_summerjob/results_overview.csv	FIGURES_summerjob/y035x200_2016-17/tables/results_overview.csv
FIGURES_summerjob/station_skill_allsites_y035x200.csv	FIGURES_summerjob/y035x200_2016-17/tables/station_skill_allsites_y035x200.csv
FIGURES_summerjob/station_skill_y035x200.csv	FIGURES_summerjob/y035x200_2016-17/tables/station_skill_y035x200.csv
